{
 "v1": {
  "datasource": "DataSourceConfigDrive [net,ver=2][source=/dev/vdb]", 
  "init": {
   "errors": [], 
   "finished": 1545008204.397719, 
   "start": 1545008202.447352
  }, 
  "init-local": {
   "errors": [], 
   "finished": 1545008191.099473, 
   "start": 1545008190.341625
  }, 
  "modules-config": {
   "errors": [], 
   "finished": 1545008206.481469, 
   "start": 1545008206.12401
  }, 
  "modules-final": {
   "errors": [], 
   "finished": 1545008207.557177, 
   "start": 1545008207.179906
  }, 
  "stage": null
 }
}
